,id,Global_WT,Global_mut,LengthDiff,ScoreLocal_WT,ScoreMutPred,ScoreLocal_clean,TrueLabel
0,0,295.7673005349934,300.9692355263978,-5,295.7673005349934,296.30405430682003,-0.6447192430496214,Benign/Likely benign
1,1,295.7673005349934,289.0734507488087,3,292.9625471122563,289.0734507488087,3.2491522058844566,Pathogenic
2,2,407.0841333933058,394.0132926265942,8,400.1457725765067,394.0132926265942,5.524456433951855,Likely pathogenic
3,3,647.4925445936387,645.392827074742,2,645.5379138611024,645.392827074742,0.0,likely benign
4,4,408.3919114936143,407.2518928423524,1,407.4477328527719,407.2518928423524,0.16254514455795288,likely benign
5,5,282.9525009226054,279.8939939402044,1,281.96509937755764,279.8939939402044,1.8291087709367275,Pathogenic
6,6,133.16676967218518,134.3522226959467,-1,133.16676967218518,133.38949991762638,0.0,likely benign
7,7,641.8634206647985,630.9780357702402,4,637.8739849920385,630.9780357702402,6.604948727064766,Pathogenic
8,8,641.8634206647985,632.9439357761294,3,638.8729339833371,632.9439357761294,5.702415442094207,Pathogenic
9,9,641.8634206647985,637.0969046279788,-6,641.8634206647985,631.2886995598674,9.778121558949351,likely_pathogenic
10,12,612.1828721812926,610.1908212990966,1,611.1856132796966,610.1908212990966,0.4167996346950531,Benign
11,13,132.86002187151462,133.90500457398593,-1,132.86002187151462,132.97227634303272,0.0,likely benign
12,14,469.0509506338276,470.0201214123517,-1,469.0509506338276,469.10899873264134,0.0,Benign/Likely benign
13,15,682.9150679204613,679.3344687856734,4,678.9435466025025,679.3344687856734,-0.18012806773185736,Benign/Likely benign
14,16,682.9150679204613,675.395832054317,6,677.5898903701454,675.395832054317,2.55209525115788,Pathogenic
15,17,682.9150679204613,681.5818257322535,1,681.9603803250939,681.5818257322535,0.25609716773033153,Pathogenic
16,18,690.396319841966,688.3360434602946,2,688.4259334560484,688.3360434602946,0.1739082932472229,likely benign
17,19,690.396319841966,700.3891100045294,-12,690.396319841966,689.6669413503259,0.8715175837278368,Likely benign
18,20,692.453549772501,696.2471707519144,-4,692.453549772501,692.286381309852,-0.09922285377979284,Likely benign
19,21,768.0786883002147,765.585523059126,4,765.5636505847797,765.585523059126,0.010575562715530396,Likely benign
20,22,492.59442684659734,473.4049234385602,18,474.7054278613068,473.4049234385602,0.6082519702613352,Benign
21,23,182.0423840880394,176.53271326143295,1,181.04300373792648,176.53271326143295,4.030032265000045,Likely pathogenic
22,24,513.4966545170173,510.6171563216485,2,511.50275797303766,510.6171563216485,0.8177724778652191,pathogenic
23,25,511.76411424251273,512.0382367707789,-2,511.76411424251273,510.77512365952134,1.296359822154045,pathogenic
24,26,696.0295820572646,692.36703342502,4,692.0971626975806,692.36703342502,0.0,Likely benign
25,27,694.5785774537362,692.6106059593149,2,692.5999466725625,692.6106059593149,0.0,Likely benign
26,28,696.0295820572646,697.7637214807328,-2,696.0295820572646,695.7845541981515,0.0,Benign
27,29,699.6152059365995,697.630756684579,2,697.7073539425619,697.630756684579,0.0,Benign
28,30,699.1189569708658,700.2457674938487,-2,699.1189569708658,698.5399827557849,0.5130976140499116,Benign
29,31,773.3918176766019,781.2360320948064,-7,773.3918176766019,774.4100114963949,-0.9319356381893161,likely_benign
30,32,772.1603529932909,768.2313427617773,4,768.5713686230592,768.2313427617773,0.6882706284523011,Likely benign
31,33,769.2225618299562,773.3525697065052,-4,769.2225618299562,769.7385187221225,-0.5219088792800903,Benign
32,34,394.11123874783516,396.1279288008809,-2,394.11123874783516,394.1656256392598,0.0,Benign
33,35,390.65891606360674,388.63542331010103,2,388.7060961201787,388.63542331010103,0.0,likely benign
34,36,419.48729316098616,417.516097728163,2,417.54579237801954,417.516097728163,0.0,likely benign
35,37,421.6496899239719,417.7036442803219,4,417.7822682969272,417.7036442803219,0.0,Likely benign
36,38,430.0600234679878,428.2745417235419,2,428.1320341043174,428.2745417235419,0.0,Likely benign
37,39,792.608045483008,798.7104077283293,-6,792.608045483008,792.9067879859358,0.08286410570144664,Benign
38,40,793.1253568250686,789.6184203531593,4,789.3884769398719,789.6184203531593,-0.1582968533039093,Benign
39,41,790.1552532203496,789.3275267630816,1,789.3852088339627,789.3275267630816,-0.004511922597885187,Likely benign
40,42,695.8890886933077,694.764542577439,1,695.286215844797,694.764542577439,0.0781514048576355,likely_benign
41,43,255.71386534906924,254.68008934520185,1,254.7889663670212,254.68008934520185,0.0,likely benign
42,44,597.3615699419752,593.8073960570619,1,596.4016256937757,593.8073960570619,2.2875212915241723,Pathogenic
43,45,597.3615699419752,593.4093443274032,1,596.3785931477323,593.4093443274032,2.0727409080136567,Pathogenic
44,46,597.3615699419752,606.0047660553828,-13,597.3615699419752,593.0583108747378,3.69326588883996,Pathogenic
45,47,650.4038431087974,649.0805754943285,1,649.4133151213173,649.0805754943285,0.0979859232902528,Pathogenic
46,48,578.2220546256576,579.1868085391179,-1,578.2220546256576,578.1993270046369,0.0,likely benign
47,49,736.5707606370561,737.0538903336856,-1,736.5707606370561,736.2553071837756,0.0,Benign
48,50,232.08258313685656,222.6866900458699,8,225.36075284704566,222.6866900458699,2.1812688537174836,Pathogenic
49,51,524.7326044919901,522.8622277555987,1,523.735143053811,522.8622277555987,0.7966155707836152,Pathogenic
50,52,227.46526410616934,222.61300996877253,3,224.7169832829386,222.61300996877253,2.2136935889720917,Likely pathogenic
51,53,288.0173338893801,288.9818894788623,-1,288.0173338893801,287.98756884783506,0.0,likely benign
52,54,484.79889699816704,483.55957905575633,-1,484.79889699816704,483.43498830869794,1.2389831617474556,Pathogenic
53,55,422.69808952888707,419.8636231322307,3,419.703315664141,419.8636231322307,0.0,likely benign
54,57,478.9824294410646,476.9559304807335,1,477.98522114381194,476.9559304807335,0.6451491415500642,Pathogenic/Likely pathogenic
55,58,478.9824294410646,477.77105405181646,1,478.96919479221106,477.77105405181646,1.3041598200798037,Pathogenic
56,59,171.2513333708048,166.24292054772377,1,170.5919778496027,166.24292054772377,4.1318110674619675,Pathogenic
57,61,411.1877542375587,407.92833335185423,4,408.14421762665734,407.92833335185423,0.18638403620570904,likely benign
58,62,411.1877542375587,399.43623033119366,12,399.2866696356796,399.43623033119366,-0.518752060830593,likely benign
59,63,411.1877542375587,407.14228784199804,4,407.2123276828788,407.14228784199804,-0.27221351116895676,likely benign
60,64,359.1066622363869,359.92900605662726,-1,359.1066622363869,359.08451987965964,0.0,likely benign
61,65,396.5209258389368,395.5287242878403,1,395.5731376600161,395.5287242878403,0.0,Likely benign
62,66,415.3399236804398,416.2799914466741,-1,415.3399236804398,415.32394385212683,0.0,Benign/Likely benign
63,67,449.8358315513469,455.66858283270267,-6,449.8358315513469,450.277712798008,-0.16154569387435913,Likely benign
64,68,456.66500623483444,452.0142586081638,6,451.68412645120407,452.0142586081638,0.07503253221511841,benign
65,69,568.6766880715732,569.2943836228806,-1,568.6766880715732,568.3685193436104,0.22896283864974976,likely_benign
66,70,570.2305984520935,569.2535196417593,1,569.2811113023781,569.2535196417593,0.0,likely_benign
67,71,600.4866417425801,598.4703080967884,2,598.5958949106862,598.4703080967884,-0.1285862922668457,likely_benign
68,72,648.3014851728803,643.5766210641596,5,643.3310981313116,643.5766210641596,-0.3461092412471771,Likely benign
69,73,650.1661252194899,644.7198921607342,6,644.1971546226996,644.7198921607342,-0.4883747100830078,likely_benign
70,74,747.7300667231902,748.5998235845473,-1,747.7300667231902,747.6191946172621,0.0,Likely benign
71,75,747.7300667231902,749.5496121849865,-2,747.7300667231902,747.5735315289348,0.0,Benign/Likely benign
72,76,748.3811598147731,747.6144638604019,1,747.4017322387081,747.6144638604019,0.0,Benign
73,77,649.6724869180471,641.3870001714677,-2,649.6724869180471,640.9074613582343,7.813818298280239,Likely pathogenic
74,78,433.33340465277433,431.6745976433158,1,432.7285569831729,431.6745976433158,0.9752205312252042,Likely benign
75,79,689.8627816420048,688.6526335012168,1,689.016599772498,688.6526335012168,0.3309270143508911,Benign
76,80,726.5958111491054,721.705631246441,6,721.4006241168827,721.705631246441,0.4222003221511841,likely_benign
77,81,724.6259875433752,722.1600831758697,3,722.1337884800741,722.1600831758697,0.0875043272972107,Benign
78,82,730.8518022388453,730.1318991507869,1,729.9676302761072,730.1318991507869,0.11461502313613892,likely benign
79,83,336.6385420677252,335.758472956717,1,335.6698551294394,335.758472956717,-0.17495250701904286,likely benign
80,84,334.85993136651814,331.10998363792896,4,330.9088202882558,331.10998363792896,-0.39658230543136574,likely benign
81,85,496.2341529733967,491.8073387895711,4,492.23486322234385,491.8073387895711,0.5660496354103087,Pathogenic
82,86,210.7121105445549,208.58299672044814,1,210.03840413223952,208.58299672044814,1.3691205382347107,Pathogenic
83,87,533.8435992365121,533.2132060633157,1,533.1291483407258,533.2132060633157,0.12535172700881958,likely benign
84,88,509.1588553311303,508.06662193499506,1,508.2112305285409,508.06662193499506,0.15867656469345093,likely benign
85,89,314.6406064815819,310.15858249971643,1,313.7061366029084,310.15858249971643,3.184809563215822,Likely pathogenic
86,90,691.328756116156,690.3489173509879,1,690.454252444033,690.3489173509879,0.09322696924209595,likely benign
87,91,467.3869324841071,466.6018217531964,1,466.67673336644657,466.6018217531964,0.10515302419662464,Pathogenic
88,92,270.14478424191475,267.85830698907375,1,269.14673498272896,267.85830698907375,1.4709201455116272,Likely pathogenic
89,93,542.2678950284608,546.3885903963819,-4,542.2678950284608,542.4538347134367,-0.1488383412361145,Likely benign
90,94,542.2678950284608,538.2655915217474,3,540.7361648832448,538.2655915217474,2.4539170265197754,Pathogenic
91,95,542.2678950284608,539.3690915741026,1,541.3053475474007,539.3690915741026,2.1278325021266937,Likely pathogenic
92,96,266.491353085381,261.6606049631955,5,262.06426416907925,261.6606049631955,0.3965785056352615,Pathogenic
93,97,435.3097073920071,430.94900969415903,1,434.3332551009953,430.94900969415903,3.1283509731292725,Pathogenic
94,98,435.3097073920071,432.3669647872448,-1,435.3097073920071,431.74852898716927,3.6362746506929393,Likely pathogenic
95,99,435.3097073920071,425.4555452913046,4,431.346980381757,425.4555452913046,5.1125791892409325,Pathogenic
96,100,435.3097073920071,425.1892072563933,3,432.3151519782841,425.1892072563933,6.928321655286709,Likely pathogenic
97,101,435.3097073920071,429.1338804587722,1,434.31146048381925,429.1338804587722,4.691776782274246,pathogenic
98,102,847.3939426698198,819.0855415784754,28,819.5604077138414,819.0855415784754,0.5177532583475114,likely benign
99,103,415.7056437842548,413.41765113174915,1,414.73386527225375,413.41765113174915,1.0783939287066457,Pathogenic
100,104,415.7056437842548,414.32956006377935,-2,415.7056437842548,414.0160578414798,1.4405165351927283,Pathogenic/Likely pathogenic
101,105,185.86427031457424,184.99582821130753,1,185.2976544946432,184.99582821130753,0.0,Pathogenic/Likely pathogenic
102,106,185.86427031457424,184.33331159502268,1,185.1324836462736,184.33331159502268,0.7764487862586975,Pathogenic
103,107,185.86427031457424,179.98807407170534,9,179.77002109587193,179.98807407170534,-0.008296459913253784,Likely pathogenic
104,108,384.56925434432924,385.36511675734073,-1,384.56925434432924,384.5286518158391,0.0,likely benign
105,109,418.4082781150937,417.95573764666915,1,417.7618293836713,417.95573764666915,-0.0798424482345581,Benign
106,110,579.7034841827117,576.8180156032322,3,576.7641436508857,576.8180156032322,-0.09877327084541337,Likely benign
107,111,579.7034841827117,578.7362164707156,1,578.7453335574828,578.7362164707156,0.0,Likely benign
108,112,579.7034841827117,577.8500454378081,2,577.7561703971587,577.8500454378081,-0.16452243924140947,Likely benign
109,113,579.7034841827117,580.5789667194476,-1,579.7034841827117,579.6150783126941,0.0,Benign/Likely benign
110,114,579.7034841827117,580.9802309469087,-2,579.7034841827117,579.2797150806291,0.5447148680686951,Likely benign
111,115,461.0311201561708,462.1499483267544,-1,461.0311201561708,461.17599716584664,0.0,likely benign
112,116,625.5598720619455,627.2677088491619,-2,625.5598720619455,625.8698681108654,-0.7006737291812899,likely benign
113,117,373.8335547372699,370.25698428601027,4,370.09523522108793,370.25698428601027,-0.09135985374450684,likely benign
114,118,440.8754915557802,439.0992368385196,1,440.03745954856277,439.0992368385196,0.9659507051110268,Pathogenic
115,119,500.0725569592323,498.3914406793192,1,499.07260666950606,498.3914406793192,0.7172985747456551,Likely pathogenic
116,120,500.0725569592323,497.30439354199916,-1,500.0725569592323,497.3028657301329,2.600272759795189,Likely pathogenic
117,121,500.0725569592323,492.15073058684357,2,498.0733609662857,492.15073058684357,5.785689547657967,Likely pathogenic
118,122,351.2386144013144,345.92585361003876,2,349.26475580642,345.92585361003876,3.030035223811865,Pathogenic
119,123,351.2386144013144,348.60455331765115,1,350.4765100092627,348.60455331765115,2.0800248123705387,Pathogenic
120,124,478.20915904676076,478.39913688454544,-1,478.20915904676076,477.67710588726914,0.2183774113655091,Benign
121,125,342.5765130445361,345.35127425193787,-3,342.5765130445361,342.818050801754,-0.22450566291809093,likely benign
122,126,850.6152604021736,849.6339236244166,1,850.1478227474399,849.6339236244166,-0.017920628190040644,likely benign
123,127,256.84079787912924,257.9132007835724,-1,256.84079787912924,257.0098764775612,0.0,likely benign
124,128,469.35616206843406,465.68920055869967,1,468.49330931622535,465.68920055869967,3.005936875939369,pathogenic
125,129,469.35616206843406,470.3421913580969,-1,469.35616206843406,469.40337516833097,-0.09015554189682007,likely_benign
126,130,469.35616206843406,466.5730825085193,1,468.3721076818183,466.5730825085193,1.598840493708849,likely_benign
127,131,661.6852720719762,661.5541337108007,-1,661.6852720719762,661.5079949920764,-0.4083720892667768,Pathogenic
128,132,802.4689314002171,794.1644684518687,5,797.5093922251835,794.1644684518687,3.3828832458239044,Pathogenic
129,134,785.0003992183047,784.0531876213718,1,784.7523696137505,784.0531876213718,0.48367755115032196,Pathogenic
130,135,915.3242676500231,909.8183417879045,2,913.8754531685263,909.8183417879045,3.7402197550982237,Likely pathogenic
131,136,267.0507864570245,266.01405174005777,1,266.1830035066232,266.01405174005777,-0.03504973649978638,likely benign
132,137,845.6019746849197,842.6112421757716,4,841.9423133918899,842.6112421757716,-0.45257076621055603,Likely pathogenic
133,138,819.8012364580063,820.6098974928609,-1,819.8012364580063,820.1128045902005,0.22151663899421695,Likely pathogenic
134,139,804.2031235904433,801.6826157951728,3,801.6019245595671,801.6826157951728,0.04961591958999628,Likely pathogenic
135,140,410.349032683298,406.57828176859766,1,409.378441138193,406.57828176859766,2.6519182473421097,likely_benign
136,141,587.6171745155007,586.578965828754,1,586.7649823520333,586.578965828754,0.0,Benign/Likely benign
137,142,587.6171745155007,586.7531961174682,1,586.734022686258,586.7531961174682,0.0,Benign/Likely benign
138,143,400.1078807990998,401.13520805723965,-1,400.1078807990998,400.1615204680711,0.0,Benign
139,144,552.3796551693231,554.990161318332,-4,552.3796551693231,551.157604534179,0.8704845756292343,Likely pathogenic
140,145,209.2810932137072,203.33220986276865,3,206.3275677897036,203.33220986276865,3.31046511977911,Pathogenic
141,146,209.2810932137072,207.35262328386307,1,208.48182329908013,207.35262328386307,1.2804618626832962,Pathogenic
142,147,535.31387438823,528.6013368965359,8,528.763151193154,528.6013368965359,0.1143791675567627,likely benign
143,148,535.31387438823,528.1062566263136,8,528.0957773273112,528.1062566263136,-0.012517482042312622,Benign
144,149,535.31387438823,541.940641029214,-7,535.31387438823,534.9909949735156,0.36729371547698975,likely benign
145,150,535.31387438823,520.976202971884,15,521.435022587073,520.976202971884,0.40895724296569835,Benign
146,151,535.6571991760284,532.2822452168912,1,534.6574743706733,532.2822452168912,2.186706468462944,Pathogenic
147,152,431.16815238213167,429.6185929500498,1,430.6101654074155,429.6185929500498,0.802181225270033,likely benign
148,154,337.3870339101413,336.5839332471369,1,336.39914527593646,336.5839332471369,-0.09537279605865473,Likely benign
149,155,337.3870339101413,338.27639566978905,-1,337.3870339101413,337.2864985378692,0.0,Likely benign
150,156,372.20525120198727,373.1324778134003,-1,372.20525120198727,372.16542934719473,-0.09735482931137085,Likely benign
151,157,550.0453388646529,548.5816983910736,2,548.4857526377127,548.5816983910736,-0.14654323458671575,likely benign
152,158,300.2394344713539,299.34088179655373,1,299.3483906891197,299.34088179655373,0.0,Benign
153,159,652.82218897843,651.9232260445115,1,651.9505099704229,651.9232260445115,0.07858145236968994,Likely benign
154,161,242.1825066022575,233.90699372068048,3,239.27592776343226,233.90699372068048,5.217432230710983,Pathogenic
155,162,824.5372200967395,823.627994433511,1,823.7153248550021,823.627994433511,0.0,Likely benign
156,163,812.7527166417567,815.2471263376647,-1,812.7527166417567,814.6366375652724,-2.0057686418294907,likely benign
157,164,506.991666928865,507.9453770322725,-1,506.991666928865,506.9715239210054,0.0,Benign
158,165,402.0122774532065,404.9334653299302,-3,402.0122774532065,401.9690190833062,0.0,likely benign
159,166,851.2637541972799,856.9463447410089,-6,851.2637541972799,851.0200744348986,-0.3447273671627046,Benign
160,167,700.492660938995,700.0021439786942,1,699.4942767017055,700.0021439786942,-0.6483741998672486,likely benign
161,168,664.7804320305586,653.8826687982073,12,653.8577865213156,653.8826687982073,0.40345311164855946,Benign
162,169,84.43358202511445,90.03006529790582,-6,84.43358202511445,84.06232047063531,0.35117853432893753,likely benign
163,170,495.811108243186,486.81036812253296,10,486.4812747654505,486.81036812253296,0.0,Likely benign
164,171,99.69329802319407,92.4096551425755,7,92.69858292862773,92.4096551425755,0.0,likely benign
165,172,74.92585258930922,67.51658418774605,8,67.64273347705603,67.51658418774605,0.37573537975549703,likely benign
166,173,75.0907743498683,50.65702941827476,24,51.98686068505049,50.65702941827476,1.1908362675458193,likely benign
167,174,769.5234200935811,770.4785744464025,-1,769.5234200935811,769.5000579273328,0.0,likely benign
168,175,223.65501149836928,221.78126618592069,1,222.73894115630537,221.78126618592069,0.6042506545782089,Pathogenic
169,176,223.65501149836928,222.5105158756487,1,222.82869192305952,222.5105158756487,-0.05468490719795227,Pathogenic
170,177,232.78462635260075,231.7549236053601,1,231.81318091135472,231.7549236053601,0.0,Likely benign
171,178,599.3030807892792,600.3027085103095,-1,599.3030807892792,599.3418561853468,0.0,likely benign
172,179,599.3030807892792,601.343341386877,-2,599.3030807892792,599.3928968077525,0.0,Benign
173,180,599.3030807892792,603.4553524577059,-4,599.3030807892792,599.5144696556963,0.0,Likely benign
174,181,599.3030807892792,605.5221662437543,-6,599.3030807892792,599.58054845687,0.0,Benign/Likely benign
175,182,599.3030807892792,597.3521019807085,2,597.3528102557175,597.3521019807085,0.0,likely benign
176,183,599.3030807892792,598.3393114190549,1,598.3421077053063,598.3393114190549,0.0,likely benign
177,184,599.3030807892792,606.4733153008856,-7,599.3030807892792,599.5314516448416,0.0,likely benign
178,185,599.3030807892792,595.337450795807,4,595.373812965583,595.337450795807,0.0,likely_benign
179,186,481.08149749133736,479.58850437635556,1,480.1546416291967,479.58850437635556,0.2615294754505157,Pathogenic
180,187,184.67040954716504,180.8700069990009,4,181.58662860281765,180.8700069990009,0.5051351338624954,likely benign
181,188,479.4633502997458,478.06780752167106,1,478.5048425234854,478.06780752167106,0.46854010224342335,Pathogenic
182,189,481.6102175237611,477.1304535600357,1,480.61317433137447,477.1304535600357,3.2021081298589706,Likely pathogenic
183,190,615.8943798979744,613.1193331554532,3,613.5714344820008,613.1193331554532,0.3717129528522492,Benign
184,191,554.0649502426386,549.7762746363878,1,553.0655703693628,549.7762746363878,3.2654534578323364,Pathogenic
185,192,554.0649502426386,549.4450598657131,1,553.0656230598688,549.4450598657131,3.6556034460663795,Pathogenic
186,193,554.0649502426386,553.610044233501,1,553.7141553014517,553.610044233501,0.3606067299842832,Likely pathogenic
187,194,554.0649502426386,549.710012294352,5,549.7883739620447,549.710012294352,0.5214800462126733,Likely pathogenic
188,195,554.0649502426386,549.471619527787,1,553.0943017750978,549.471619527787,3.661632787436247,Pathogenic
189,196,554.0649502426386,550.4025633558631,1,553.7005763500929,550.4025633558631,2.7774397954344745,Pathogenic/Likely pathogenic
190,197,554.0649502426386,549.3442272618413,1,553.0675071626902,549.3442272618413,3.1696741506457324,Likely pathogenic
191,198,554.0649502426386,549.862160295248,2,552.1503564864397,549.862160295248,1.9424929544329643,Pathogenic
192,199,554.0649502426386,552.2685684263706,1,553.3171910792589,552.2685684263706,0.6601597592234612,Likely pathogenic
193,200,554.0649502426386,539.7254441305995,5,550.0755021199584,539.7254441305995,9.85716363787651,Likely pathogenic
194,201,554.0649502426386,551.0120311528444,1,553.274448171258,551.0120311528444,1.984043151140213,Likely pathogenic
195,203,519.0405232477933,517.2930087317945,-1,519.0405232477933,516.8469780554296,2.278981029987335,Likely pathogenic
196,204,546.6653497889638,542.4289116412401,4,542.6913902834058,542.4289116412401,0.0,likely benign
197,205,194.8780710119754,192.60834184056148,1,193.91997641511261,192.60834184056148,1.311287133488804,Pathogenic
198,206,194.8780710119754,192.0073642572388,-1,194.8780710119754,191.7776474794373,2.731132351793349,Likely pathogenic
199,208,238.44659207761288,206.20435459166765,28,214.1318398565054,206.20435459166765,7.933703348040581,Pathogenic
200,209,363.10698462533765,361.1502948941197,1,362.11192138004117,361.1502948941197,0.9471565075218675,Pathogenic
201,210,363.10698462533765,360.7705938233994,2,361.4885760645848,360.7705938233994,0.5384271945804355,Pathogenic
202,211,299.35548885911703,297.7961264848709,1,298.3774419054389,297.7961264848709,0.842461869120598,Likely pathogenic
203,212,459.4268640517257,460.07886219141074,-1,459.4268640517257,459.29947430011816,0.0,Benign
204,213,310.85071856575087,309.7823791350238,1,310.2044887621887,309.7823791350238,0.22992661595344543,likely_benign
205,214,387.423679318279,386.7675424590707,1,386.76131572946906,386.7675424590707,0.0,likely benign
206,215,725.6515707755461,724.6289917989634,1,724.9687229180709,724.6289917989634,0.08640173077583307,Likely benign
207,216,638.844291215064,639.4964949255809,-1,638.844291215064,638.8312371736392,-0.03180655837059021,likely benign
208,217,414.99498646426946,407.9305521501228,3,412.3090948360041,407.9305521501228,4.159636998549104,Pathogenic/Likely pathogenic
209,218,608.9338324237615,608.1488509979099,1,607.9817313719541,608.1488509979099,0.0,likely benign
210,219,847.3991864398122,839.5900275362656,8,839.4281268790364,839.5900275362656,0.0,Benign
211,220,481.2113652518019,475.62910133227706,6,476.88787540700287,475.62910133227706,1.137594178318977,Pathogenic
212,221,643.8553423241246,641.9264562806347,1,642.8595257953275,641.9264562806347,1.0864728540182118,Pathogenic
213,222,784.5261735250242,779.9473441499285,3,781.9558070828207,779.9473441499285,1.8424054346978664,Likely pathogenic
214,223,431.3617949858308,431.3151916116476,-1,431.3617949858308,430.6883612126112,0.6072723791003227,Benign/Likely benign
215,224,771.4670728490455,768.7663681639824,1,770.515285079251,768.7663681639824,1.2737761372700338,Pathogenic
216,225,484.0137209119275,482.58409152762033,1,483.2895087422803,482.58409152762033,0.6127858981490135,Likely pathogenic
217,226,274.4559048402589,272.45669485256076,1,273.45661592367105,272.45669485256076,1.0372730791568752,Pathogenic/Likely pathogenic
218,227,274.4559048402589,272.50744273653254,1,273.48571151378565,272.50744273653254,0.956237852573395,Pathogenic
219,228,274.4559048402589,266.7431638092967,2,272.50308954599313,266.7431638092967,5.556399175315164,Pathogenic
220,229,274.4559048402589,270.4865905842744,1,273.522476850776,270.4865905842744,2.9924874007701874,Likely pathogenic
221,230,571.050008935621,572.0807843634393,-1,571.050008935621,571.1538071462419,0.0,likely benign
222,231,526.141851243563,524.1757618479896,1,525.1606649728492,524.1757618479896,0.8279367163777351,Likely benign
223,232,455.1897136187181,452.47288156393915,1,454.7701872205362,452.47288156393915,2.4724959507584576,likely_benign
224,233,328.36830953136086,326.32760401442647,1,327.40743992105126,326.32760401442647,1.2015613764524464,Pathogenic
225,234,788.4972394616343,786.0561129900161,2,786.6251340419985,786.0561129900161,0.227934241294861,Benign
226,235,772.610946287401,767.8869590864051,5,767.8523443834856,767.8869590864051,0.32135630771517754,Pathogenic
227,236,785.2655582134612,783.5923539982177,-3,785.2655582134612,781.5170076475479,3.7598538999445736,Likely pathogenic
228,237,793.3321677690838,790.1724328622222,2,791.7919961458538,790.1724328622222,1.7458516359329224,Pathogenic/Likely pathogenic
229,238,793.538135707844,792.5655560484156,3,791.0560804610141,792.5655560484156,-0.9830375798046589,Pathogenic
230,239,792.3328249244951,792.1030545905232,1,791.3735969453119,792.1030545905232,-0.5982910171151163,Pathogenic/Likely pathogenic
231,240,811.7010894073173,808.8297413252294,1,810.7860583318397,808.8297413252294,1.6400305330753326,Pathogenic/Likely pathogenic
232,242,400.13382192514837,396.2833474036306,3,397.49994429014623,396.2833474036306,1.2187945209443574,Pathogenic
233,243,598.8953958163038,580.6682385038584,3,595.9842957267538,580.6682385038584,14.220070580020547,Pathogenic
234,244,426.2154844524339,427.2193632591516,-1,426.2154844524339,426.2484782207757,0.0,likely benign
235,245,697.6660228520632,693.7740820925828,-1,697.6660228520632,692.7792026084062,4.831962602198474,likely_pathogenic
236,246,697.6660228520632,690.6150245750323,1,696.6661443263292,690.6150245750323,6.059697060845792,Likely pathogenic
237,247,697.6660228520632,696.6421010643244,1,696.6877721697092,696.6421010643244,0.0,likely_benign
238,248,482.0214636698365,476.31266103312373,6,476.0424498692155,476.31266103312373,0.0,Benign
239,249,521.365093704313,520.1417584056035,1,520.3831509910524,520.1417584056035,0.1272140890359878,Pathogenic
240,250,336.62929871907545,330.035978304184,3,334.23620167603804,330.035978304184,3.769096627831459,Likely pathogenic
241,251,336.62929871907545,334.9950328031773,1,335.724586459306,334.9950328031773,0.7447654604911806,Pathogenic
242,252,328.8086655214429,323.92652942985296,7,324.0275179371238,323.92652942985296,0.0,Likely benign
243,253,469.41205246094614,470.53433260926977,-1,469.41205246094614,469.59517554054037,0.0,Benign
244,254,469.41205246094614,469.6749462564476,-1,469.41205246094614,469.4505134304054,0.17233526706695568,Benign
245,255,808.1478069433942,807.2638784954324,1,807.1702474365011,807.2638784954324,0.0,Likely benign
246,256,812.16917233821,811.4411062495783,1,811.1915515577421,811.4411062495783,0.0,likely benign
247,257,463.4644507574849,457.5862110010348,4,459.66506079910323,457.5862110010348,1.7827648669481282,Pathogenic/Likely pathogenic
248,258,898.1445562681183,891.9158908603713,2,896.1460569342598,891.9158908603713,4.160538440570235,Pathogenic
249,259,782.5389585588127,772.5173287922516,11,775.095955023542,772.5173287922516,2.097462298348546,Likely pathogenic
250,260,681.1505325511098,678.9495165143162,1,680.5060107186437,678.9495165143162,1.5323524475097656,Pathogenic
251,261,565.9534597508609,563.6911538690329,1,564.9537924639881,563.6911538690329,1.1921961456537244,Likely pathogenic
252,262,804.5342458272353,801.311849636957,1,803.5730212116614,801.311849636957,1.6707381717860699,Likely pathogenic
253,263,830.9585507810116,823.330769228749,4,827.4790966510773,823.330769228749,4.1556249633431435,Likely pathogenic
254,264,919.2596377264708,910.6104288611095,3,916.2654854785651,910.6104288611095,5.3678595155943185,Likely pathogenic
255,265,536.5694738347083,537.6450540921651,-1,536.5694738347083,536.6465358040296,0.0,Benign
256,266,546.7189262020402,547.7620586059056,-1,546.7189262020402,546.7791155478917,0.0,Benign
257,267,826.6903614606708,828.5565559715033,-2,826.6903614606708,826.5592062324286,-0.07889270782470703,likely benign
258,268,837.4894484905526,828.3339194012806,11,828.109905260615,828.3339194012806,0.2612150013446808,likely_benign
259,269,840.7208762913942,830.9402547767386,11,830.6975565962493,830.9402547767386,0.0,Likely benign
260,270,419.2107909047045,418.9960140893236,-1,419.2107909047045,418.0501991221681,1.3267730474472048,pathogenic
261,271,419.2107909047045,408.9853621851653,7,413.3317257487215,408.9853621851653,4.419163968414068,Pathogenic
262,272,419.2107909047045,408.6416561836377,7,413.40990618104115,408.6416561836377,4.574282152112573,Pathogenic/Likely pathogenic
263,273,419.2107909047045,421.69710069242865,-7,419.2107909047045,417.1229621404782,1.2154372259974477,Likely pathogenic
264,274,419.2107909047045,414.66006582183763,2,417.23234513634816,414.66006582183763,3.3068238426931202,Pathogenic/Likely pathogenic
265,275,419.2107909047045,417.60303022898734,1,418.3091261112131,417.60303022898734,0.48618912883102916,Likely pathogenic
266,276,386.90573364682496,386.84967159852386,-1,386.90573364682496,386.5864835344255,0.060488134622573714,Likely pathogenic
267,277,386.90573364682496,394.7846916541457,-6,386.90573364682496,388.92252614349127,-1.9156905561685562,likely_pathogenic
268,278,684.8273932803422,679.3320621624589,1,683.8280549515039,679.3320621624589,4.762028135359287,Likely pathogenic
269,279,684.8273932803422,680.1278123864904,1,683.9205441940576,680.1278123864904,3.6156846871599555,Likely benign
270,280,684.8273932803422,682.8990538585931,2,682.9023890960962,682.8990538585931,0.0,Likely benign
271,281,684.8273932803422,686.8358748983592,-2,684.8273932803422,684.9087840151042,0.0,Likely benign
272,282,684.8273932803422,682.8990538585931,2,682.9023890960962,682.8990538585931,0.0,Likely benign
273,283,262.6334954248741,260.8824100838974,1,261.6576494919136,260.8824100838974,0.5000437200069427,likely benign
274,284,263.4659376805648,261.0848141377792,1,262.47230309899896,261.0848141377792,1.0194273591041565,likely benign
275,285,270.16416354710236,269.0007481081411,1,269.1754607730545,269.0007481081411,-0.01867546141147597,likely benign
276,286,266.830602183938,267.77200300246477,-3,266.830602183938,265.04702604562044,1.3899382315576074,likely benign
277,287,266.1591068804264,267.0813969830051,-3,266.1591068804264,264.3576115826145,1.3254713863134384,likely benign
278,288,755.4150955106597,754.4551370528061,-3,755.4150955106597,753.7054902662057,1.2967256605625153,Likely pathogenic
279,289,476.7603929741308,474.8438607773278,2,474.8076574904844,474.8438607773278,0.0,likely benign
280,290,476.7603929741308,475.82013193087187,1,475.79069466423243,475.82013193087187,0.0,likely benign
281,291,330.37539464002475,332.1930609967094,-2,330.37539464002475,330.24418056267314,0.07947587966918945,likely_benign
282,292,330.37539464002475,334.7807190590538,-4,330.37539464002475,330.9807957583107,-0.3927578330039977,Benign/Likely benign
283,294,551.2444699276239,545.786809238838,1,550.2493621576577,545.786809238838,4.605599912581965,Pathogenic
284,295,534.9327116468921,528.7923637274653,1,534.1214004019275,528.7923637274653,5.031020998954773,Pathogenic
285,296,403.01675510779023,399.16599343996495,4,399.2252084650099,399.16599343996495,0.2764772176742553,likely_benign
286,297,403.01675510779023,396.14504645578563,2,401.01840675249696,396.14504645578563,4.852652024477721,Likely pathogenic
287,298,355.43145800568163,357.40697211399674,-2,355.43145800568163,355.510975304991,-0.08436739444732666,likely benign
288,299,355.43145800568163,359.437784910202,-4,355.43145800568163,355.53881722688675,-0.016583621501922607,likely benign
289,300,355.43145800568163,362.4176037851721,-7,355.43145800568163,355.5098246280104,-0.05359619855880737,likely benign
290,301,355.43145800568163,363.3966471552849,-8,355.43145800568163,355.4872510433197,-0.03781205415725697,likely benign
291,302,355.43145800568163,354.4514814596623,1,354.520591089502,354.4514814596623,0.07003355026245117,likely benign
292,303,417.37939008139074,414.0991890807636,3,414.48406704328954,414.0991890807636,0.07350468635559082,Benign/Likely benign
293,304,223.3273418340832,225.8130864687264,-3,223.3273418340832,223.16066386178136,0.20599757134914398,Benign/Likely benign
294,305,844.8747925385833,841.8656116761267,1,843.8748944625258,841.8656116761267,1.858854646794498,likely_pathogenic
295,306,844.8747925385833,836.7683985000476,1,843.8761037811637,836.7683985000476,7.104375749826431,Pathogenic
296,307,392.3141692504287,392.298617948778,-1,392.3141692504287,392.090030525811,0.4415823221206666,Benign
297,308,622.1464974771952,619.2104704730446,5,618.8569534610724,619.2104704730446,-0.0903973728418351,Likely benign
298,309,602.6964479200542,601.5791730862111,1,602.0449749939144,601.5791730862111,0.6830053627490995,Likely pathogenic
299,310,91.60011607408524,103.71547985076904,-9,91.60011607408524,94.88071686029434,-3.303624466061592,likely benign
300,311,167.31787537038326,164.61815025541,1,166.319183036685,164.61815025541,1.8628222842235123,Likely pathogenic
301,312,809.3313702324231,801.9164546163811,2,807.6221129873593,801.9164546163811,5.231515202671289,Pathogenic
302,313,446.65760285640135,449.42310166638345,-4,446.65760285640135,446.65219372790307,0.0,likely benign
303,314,388.80265480978414,389.68366242479533,-1,388.80265480978414,388.83544726204127,-0.0857347846031189,Benign/Likely benign
304,315,484.0086021842435,483.2939051310532,1,483.0851418795064,483.2939051310532,-0.08058053255081177,likely benign
305,316,570.1200215518475,569.3756729662418,1,569.3861694037914,569.3756729662418,0.13462454080581665,Benign/Likely benign
306,317,219.4213201534003,217.20876339729875,1,218.43270106427372,217.20876339729875,1.0050894021987915,Pathogenic
307,318,482.74947975808755,482.3331589435693,1,481.99166457587853,482.3331589435693,-0.1148834228515625,Pathogenic
308,319,482.74947975808755,480.90037304582074,1,481.94337867433205,480.90037304582074,0.6250089560635386,Pathogenic/Likely pathogenic
309,320,482.74947975808755,480.90037304582074,1,481.94337867433205,480.90037304582074,0.6250089560635386,Likely pathogenic
310,321,482.74947975808755,481.9561760746874,1,481.76497082645074,481.9561760746874,-0.35059553384780884,Pathogenic
311,322,482.74947975808755,480.5304693663493,-1,482.74947975808755,479.82446748856455,2.4241741206496954,Likely pathogenic
312,323,482.74947975808755,479.9841492846608,1,481.8999070399441,479.9841492846608,2.4199355989694595,Likely pathogenic
313,324,412.1174600564409,411.41040296899155,1,411.17446826328523,411.41040296899155,-0.17101883888244634,likely benign
314,325,461.5884718913585,456.8167237760499,2,459.71477574296296,456.8167237760499,2.4718752140179276,Pathogenic
315,326,886.0347526354017,881.8738607009873,2,884.0683079642477,881.8738607009873,2.12018770724535,Likely pathogenic
316,327,428.6812932661269,427.86486680293456,1,427.99720306904055,427.86486680293456,-0.15127210319042195,likely benign
317,328,380.43767318082973,383.17590390425175,-3,380.43767318082973,380.2638008473441,-0.07247889041900624,likely benign
318,329,790.9228930184618,789.1120423232205,1,789.9253760287538,789.1120423232205,0.6368811428546906,likely benign
319,330,443.8424338903278,443.04588020872325,1,443.007986208424,443.04588020872325,0.0,likely benign
320,331,803.6976795308292,797.696363164112,1,802.7033302299678,797.696363164112,5.057239083573222,Pathogenic
321,332,817.257427575998,810.1637181565166,1,816.2785885958001,810.1637181565166,5.806007724255323,Pathogenic
322,333,256.613538390724,253.6301563787274,3,253.68111020955257,253.6301563787274,0.0,likely_benign
323,334,872.0604160167277,867.2416500486434,1,871.0608827210963,867.2416500486434,3.7265105172991753,Benign
324,335,872.0604160167277,865.6182779739029,2,870.0614193417132,865.6182779739029,4.517601140367333,Likely pathogenic
325,336,872.0604160167277,863.4668785156682,3,869.0795981623232,863.4668785156682,6.129796660505235,Pathogenic
326,337,872.0604160167277,865.2033533528447,1,871.0611051656306,865.2033533528447,6.046750992536545,Pathogenic
327,338,872.0604160167277,865.0151264108717,1,871.0881803371012,865.0151264108717,6.319242235273123,Pathogenic
328,339,872.0604160167277,865.2150899618864,1,871.0703869797289,865.2150899618864,5.629840105772018,Likely pathogenic
329,340,872.0604160167277,863.0447710310109,6,866.0657706595957,863.0447710310109,3.0489802206866443,Likely pathogenic
330,341,834.8970277793705,831.889813550195,1,833.8977314718068,831.889813550195,2.124103676149389,Pathogenic
331,343,862.3568450082093,855.8974261799376,1,861.3658578861505,855.8974261799376,4.701019883155823,Pathogenic/Likely pathogenic
332,345,633.768469793722,632.2338850616361,1,633.3146109413356,632.2338850616361,0.8708764314651489,Pathogenic
333,347,550.0465932041407,548.5210194503888,-2,550.0465932041407,547.0681366836652,2.902386903762817,Likely pathogenic
334,348,542.0110995201394,537.1700140303583,1,541.0140507249162,537.1700140303583,3.4325320161296986,Likely pathogenic
335,350,855.275822404772,854.714039389044,1,854.6683182157576,854.714039389044,-0.09267276525497437,Likely benign
